file,title_len,desc_len,h1_count,h1_overlap,h2_count,first_p_len,internal_links,img_count,img_missing_alt,issues,title,desc,h1,first_p
brand-comparison.html,59,128,1,11,21,302,11,0,0,OK,亞立詩 vs I-PRIMO vs Mabelle｜2026 台灣 5 大鑽戒品牌實測比較,"台灣 5 大鑽戒品牌實測 — 亞立詩、I-PRIMO、銀座白石、Mabelle、Just Diamond。同 4C 鑽石價差 60%,2026 完整 PTT/D…",亞立詩 vs I-PRIMO vs 銀座白石 — 台灣 5 大鑽戒品牌完整比較,"台灣鑽戒市場有個公開的祕密 — 同樣 4C 等級的 1 克拉鑽石,五家主流品牌的售價可以差超過 60% 。便宜的不一定差…"
budget-formula.html,43,124,1,12,17,258,8,0,0,OK,30萬以下挑最閃鑽石的數學公式｜NT$ 預算最佳化,同樣 NT$30 萬，買對和買錯的鑽石光學分數差 25%。用 4Cs 拆數學算出 Tolkowsky 標準切磨，告訴你每一塊錢應該花在哪一 C。線上免費試算。,30 萬以下 挑最閃鑽石的數學公式,大多數人在預算限制下，習慣先決定克拉，再從剩下預算選顏色與淨度。 但這是最不划算的順序。 實測下，30 萬預算如果先固定…
cert-comparison.html,44,106,1,6,20,67,7,0,0,OK,GIA vs IGI vs HRD vs AGS｜哪一張證書最值得信？,4 大鑽石證書實驗室嚴格度、價格、市佔率完整比較。培育鑽選 IGI、天然鑽選 GIA？AGS 跟 GIA 差在哪？哪些證書千萬別買。,鑽石證書比較 GIA vs IGI vs HRD vs AGS,四大實驗室的市佔率、嚴謹度、價格差距： 用 BrillianceLab 計算器先算分 。
dating-duration.html,48,129,1,16,12,145,10,0,0,OK,交往多久可以求婚？12 國數據 + 6 個信號 + 3 個警訊,Emory 大學研究：交往 3 年以上離婚率比交往 1 年低 50%。台灣 PTT/Dcard 平均 2-4 年。6 個求婚信號、3 個過早警訊、無關時間長短的…,交往多久可以求婚？ 12 國數據 × 6 個信號 × 3 個警訊,"根據各國婚禮業者統計（The Knot, 內政部, BrideBook UK, Mynavi Wedding），平均交往…"
dcard-ptt-recommendations.html,47,131,1,15,13,306,8,0,0,OK,2026 Dcard PTT 鑽戒推薦排行榜｜30 篇真實心得整理,整理 Dcard 與 PTT 婚戒板過去 1 年 30 篇真實心得 — 哪些品牌被罵翻？哪些網友推爆？亞立詩、I-PRIMO、Cartier、Just Diam…,2026 Dcard / PTT 鑽戒推薦排行榜 — 30 篇真實心得整理,「Dcard 鑽戒推薦」是台灣 Google 上熱門度排行前 5 的鑽戒搜尋詞。本文用人工方式統計了 2024 年 1 …
destination-wedding.html,42,114,1,13,12,197,12,0,0,OK,異國婚禮鑽石採購｜峇里、京都、紐約、巴黎省 30%,海外婚禮 = 蜜月 + 婚禮一起辦。NT$30-150 萬辦 20-50 人。6 大目的地實價、12-18 個月籌備清單、隱藏成本 5 種、台灣補請流程。,異國婚禮鑽石採購指南 巴里、京都、紐約、巴黎 6 大目的地,1 ct G-VS1 鑽戒當地店家 NT$25-35 萬，但 幾乎都沒有 GIA 證書 ，假鑽混入率高。完整 真假鑽辨識…
diamond-1ct-price-2026.html,44,132,1,7,10,209,5,0,0,OK,1克拉鑽石價格 2026｜7萬到130萬，差 18 倍的真相,一克拉鑽石市價落在 NT$7-130 萬，差距高達 18 倍。教你用 4C 拆解價格、避開「品牌溢價陷阱」，2026 年最新行情 + 線上免費試算。看完不再被當…,2026 一克拉鑽石價格完整查表 — 從 NT$7 萬到 NT$130 萬,"「一克拉鑽石到底多少錢?」是 Google 上最熱門的鑽石搜尋之一。答案從 NT$7 萬到 NT$130 萬都對,差別在…"
diamond-4cs-cheatsheet.html,46,117,1,10,22,241,12,0,0,OK,鑽石 4C 是什麼？5 分鐘看懂顏色淨度切工克拉｜2026,鑽石 4C = Color、Clarity、Cut、Carat。哪一 C 不能省？哪一 C 是賣家溢價陷阱？5 分鐘一篇看懂，附完整等級對照表 + 線上免費試算…,鑽石 4C 懶人包 — 5 分鐘搞懂顏色淨度切工克拉怎麼選,"「鑽石 4C」是 Google 上最熱的鑽石搜尋詞之一,但網路上多數文章都把每一 C 寫成 800 字深度文,看完還是不…"
diamond-50-cents.html,50,138,1,3,16,248,6,0,0,OK,20-50分鑽戒推薦 2026｜NT$8-25萬，避開4個品牌溢價陷阱,20 分、30 分、50 分鑽戒到底差多少？台灣主流婚戒落在 0.2-0.5 克拉，售價 NT$8-25 萬。視覺尺寸對照、4C 最佳組合、踩雷品牌實名點名，2…,20-50 分鑽戒完整指南 — NT$8-25 萬最聰明的選擇,"網路上講鑽石的文章 90% 都在推「1 克拉以上」的高預算組合,但實際上 台灣 25-32 歲新人最常買的是 20-50…"
diamond-carat-size.html,44,130,1,8,18,143,8,0,0,OK,鑽石克拉視覺尺寸對照｜0.5、0.7、1克拉差多少 mm？,鑽石「克拉」是重量，不是尺寸。0.5 克拉與 1 克拉的視覺直徑只差 1.3 mm，但價格差 5 倍。完整尺寸對照圖、戴在手上大小比較、不同形狀的克拉換算。,鑽石克拉與視覺尺寸 實際 mm 對照,下圖是 圓形明亮式鑽石 從 0.30 ct 到 3.00 ct 的等比例直徑對照（以理想車工為基準）。可以列印出來貼在手…
diamond-care.html,44,122,1,10,13,236,7,0,0,OK,鑽石保養 7 個習慣｜戴 30 年還像新的｜2026 教學,鑽石不是無敵 — 衝擊會缺角、油垢會立刻暗 50%。沐浴、運動、煮飯前必脫的原因。7 個日常習慣、4 個禁忌、年度保養 4 件事。30 年保新攻略。,鑽石保養全攻略 戴 30 年還像新的 7 個習慣,不是鑽石本身退色 — 鑽石本身永不褪色。是 表面被一層看不見的油膜覆蓋 。汗水、化妝品、護手霜、洗碗精的殘留物會在鑽石表…
diamond-clarity.html,47,112,1,6,20,153,7,0,0,OK,鑽石淨度等級 FL-I 怎麼看？VVS1 跟 VS1 肉眼有差嗎,GIA 鑽石淨度從 FL（完全無瑕）到 I3（明顯瑕疵）共 11 級。VVS 比 VS 真的有差？SI1 還能買嗎？VS1-SI1 哪個才是 CP 值甜蜜點。,鑽石淨度等級 FL-I 完整解析,淨度衡量鑽石內部「 內含物 」(Inclusion)和外部「 表面瑕疵 」(Blemish)的數量、大小、位置、可見度。…
diamond-color.html,47,112,1,5,20,192,9,0,0,OK,鑽石顏色等級 D-Z 怎麼選？D 跟 G 真的看得出差別嗎,GIA 鑽石顏色從 D（無色）到 Z（淺黃）共 23 級。D 與 G 肉眼真的有差？哪個等級才是 CP 值甜蜜點？D-VVS1 與 G-VVS1 價差實測。,鑽石顏色等級 D-Z 完整解析,GIA 從 1953 年開始用字母 D-Z 標示鑽石顏色，從最白(D)到最黃(Z)。為什麼從 D 開始而不是 A？是為了…
diamond-faq.html,44,113,1,6,21,165,22,0,0,OK,鑽石購買 50 問 FAQ 2026｜4C、預算、品牌一次解答,鑽石新手最常問的 50 個問題，從 4C、預算、品牌、培育鑽、認證、求婚、保養全部一次解答。每題都有完整答案不囉嗦，看完馬上動手。,鑽石購買 50 問 FAQ 新手最常問的問題，一次答完,50 題沒涵蓋到的，可以從 鑽石購買總教學主幹文 找到對應子題，或直接到 BrillianceLab 計算器 輸入你看上…
diamond-financing.html,42,112,1,14,10,117,9,0,0,OK,鑽戒分期付款指南｜0% 利率背後的隱藏成本拆解,0 利率分期真的不用利息嗎？台灣銀行卡、店家分期、信用貸款、典當借款 5 種方案完整比較。附隱藏手續費換算、實質年利率試算。,鑽石分期付款指南 0 利率背後的隱藏成本,台灣消費者買 30 萬鑽戒最常用的 5 種付款方式，以下用「30 萬鑽戒、12 期還款」假設情境比較：。 用 Brill…
diamond-fun-facts.html,45,119,1,15,9,149,9,0,0,OK,鑽石 30 個冷知識｜從太空墜落到 9.99 億年的歷史,鑽石會燃燒、土星會下鑽石雨、八心八箭來自 1919 MIT 論文、「鑽石恆久遠」是 1947 廣告詞。30 個你不知道的鑽石冷知識，閒聊話題滿滿。,鑽石的 30 個冷知識 從太空墜落到 9.99 億年的歷史,科學家在隕石中發現的「太空鑽石」(carbonado)約 26 至 38 億年生成，部分早於地球（45 億年）的核心結晶…
diamond-glossary.html,43,120,1,3,13,164,10,0,0,OK,鑽石術語 30 個｜不懂這些就被當盤子｜2026 字典,鑽石店員愛用的 30 個術語：Tolkowsky、八心八箭、螢光、領結效應、底尖… 看了就懂、用了就會議價、不再被話術唬。線上免費試算搭配使用。,鑽石詞彙完整字典 — 30 個你看了就懂的術語,"第一次看 GIA 鑑定書,常常每個字都認識、組合起來就不懂。這本字典把鑽石購買最常碰到的 30 個術語拆開講清楚,每條 …"
diamond-news-2026-05.html,44,105,1,11,5,113,7,0,0,OK,2026 年 5 月鑽石市場月報｜培育鑽、GIA、De Beers,5 月 Google News 整理 — 培育鑽價格再跌 8%、GIA 新增認證類別、De Beers 庫存策略轉向、印度 Surat 切磨產能調整。,2026-05 鑽石市場月報 — 培育鑽 · GIA · De Beers,編輯觀點（請補）: TODO — 用 2-3 句話總結這個月這條 silo 的趨勢和對買鑽人的實際影響。 用 Brill…
diamond-news-2026.html,46,127,1,7,6,229,7,0,0,OK,2026 鑽石市場新聞速報｜De Beers 大裁、培育鑽搶市,2026 鑽石市場 5 大新聞 — De Beers 從 Anglo American 分割、印度切磨業萬人裁員、培育鑽佔美國訂婚市場 50%、中國買氣下滑、中…,2026 鑽石市場 新聞速報,跨國礦業集團 Anglo American 正式宣布啟動 De Beers 拆分案，目標 2026 第四季完成出售或 I…
diamond-photography.html,46,135,1,11,11,238,10,0,0,OK,鑽石攝影完整指南｜手機拍出 IG 大放閃的 7 個技巧,為什麼手機隨拍鑽石永遠暗一片？關鍵在「微距 + 點光源 + 暗背景 + 微傾錄影」。5 個拍攝設定 + 4 個後製禁忌，從此 IG 限動讓朋友以為你買了 5 克…,鑽石攝影完整指南 用 iPhone 拍出 Instagram 大放閃,鑽石的火光來自 光線進入後在鑽石內部反射 2 次再射出 。如果光源來自錯誤角度、強度不足、或周圍環境是深色 — 反射回來…
diamond-price-trends.html,49,120,1,7,12,64,12,0,0,OK,鑽石價格趨勢 2026-2030 預測｜培育鑽崩盤、天然鑽分化,2026-2030 鑽石市場 5 種情境分析 — De Beers 解體、印度切磨業裁員、培育鑽佔率突破 50%。現在買還是等？結婚預算什麼時候動最划算？,2026-2030 鑽石價格趨勢預測 3 種市場 × 5 種情境分析,2020-2025 鑽石市場經歷了過山車：。 用 BrillianceLab 計算器先算分 。
diamond-resale.html,46,127,1,15,18,293,7,0,0,OK,鑽石回收價真相｜為什麼 30 萬鑽戒只能換回 10 萬？,鑽石零售價有 60-70% 是品牌溢價、店租、業務獎金。回收只值毛重，台灣 5 大回收通路實價對照、保值最差/最佳品牌、培育鑽幾乎無回收價的真相。,鑽石回收與保值真相 為什麼 30 萬鑽戒只能換回 10 萬？,"鑽石不像黃金有公開盤價,二手市場的價格往往讓買家跌破眼鏡 — 一只 NT$30 萬的鑽戒 5 年後送回原店家估價,常常只…"
diamond-scams.html,45,116,1,8,9,160,12,0,0,OK,鑽石詐騙 TOP 10 避雷指南｜銀樓、網購、夜市黑名單,台灣最常見 10 種鑽石詐騙手法 — 換石頭、假 GIA、改證書、夜市鋯石… 附完整防騙 SOP、買前查證 5 步驟、被騙後 24 小時行動清單。,鑽石詐騙 TOP 10 避雷指南,客人帶舊戒指去清洗或重新鑲嵌，業者趁清洗時把主鑽換成同尺寸但等級低 1-2 階的鑽石。原本 D-VVS1 還回來變 G-…
diamond-shapes.html,46,120,1,5,29,161,9,0,0,OK,10種鑽石形狀完整解析｜哪一款最顯大？選錯後悔10年,圓形、橢圓、墊形、公主方、祖母綠… 10 種鑽石形狀完整圖解 + 顯大排行 + 領結效應與崩角風險。台灣最熱門 5 形狀比較。2026 完整指南。,鑽石形狀 完整指南,1919 年 Marcel Tolkowsky 用數學算出來的「完美比例」就是圓形，57 個刻面、八心八箭、最強火光。 …
diamond-vs-gold.html,49,124,1,15,12,295,13,0,0,OK,鑽石 vs 黃金保值大比較｜30 年投報率與 5 個替代方案,黃金 15 年年化報酬 ~7%、鑽石 ~3%。為什麼台灣人傳統買黃金存錢？保值、流動性、抗通膨完整對照 + 5 種其他選項（白銀、白金、鉑金、巴麗石）。,鑽石 vs 黃金保值大比較 30 年投資報酬率 + 5 個替代方案,"「鑽石跟黃金哪個保值?」是 Google 上最常被搜尋的鑽石財務問題之一。簡短答案: 30 年週期內黃金穩贏鑽石,但 1…"
engagement-guide.html,45,121,1,7,13,107,16,0,0,OK,求婚鑽戒怎麼挑 2026｜避開3大踩雷、9步驟完整流程,從預算到求婚的 9 步驟完整 SOP — 台灣品牌實價、4C 最佳組合、求婚當天注意事項。避開 3 大常見踩雷：品牌溢價、假八心八箭、不肖證書。,結婚鑽戒怎麼挑 從預算到求婚的 9 步驟,「2 個月薪水」其實是 1947 年 De Beers 廣告創造的話術，沒有科學根據。實際情況是： 用 Brillian…
engagement-timeline.html,45,129,1,16,10,273,15,0,0,OK,訂婚到結婚 12 個月時間軸｜求婚到婚禮完整里程碑,台灣平均訂婚到結婚 6-12 個月。場地 12 個月前訂、婚紗 5 個月前選、喜帖 3 個月前發。月份 × 任務完整時間軸 + 壓縮版（懷孕急婚）3 個月清單。,訂婚到結婚 12 個月時間軸 從求婚到婚禮的完整里程碑清單,不是文化迷信，是 場地與供應鏈的硬限制 。台北高檔餐廳的婚宴廳，熱門檔期要提前 12 個月訂；新娘秘書、攝影師、攝影團隊…
engraving-personalization.html,50,107,1,16,13,159,12,0,0,OK,婚戒刻字完整指南｜8 種字體、5 種文案、不褪色的 4 秘訣,"婚戒內側刻字花費 NT$500-2,000，是最低成本的個人化。中英文字體、字數限制、雷射 vs 手工差別、改尺寸後刻字會消失嗎？",婚戒刻字完整指南 8 種字體 × 5 種文案 × 4 個不褪色秘訣,戒指刻字源自 16 世紀英國的「Posy Ring」傳統 — 在金戒內側刻一句情詩給愛人。這種秘密訊息只有戴的人才知道，…
famous-diamonds.html,49,119,1,16,5,328,14,0,0,OK,世界 10 大名鑽傳奇｜庫利南、霍普、Pink Star 完整百科,"從庫利南 3,106 克拉粗鑽到霍普藍鑽詛咒、Pink Star 71 億拍賣紀錄。10 大名鑽完整故事、現藏地點、估值。每位寶石學家都會背的歷史。",世界 10 大名鑽傳奇故事 庫利南、霍普、Pink Star 完整百科,1905 年 1 月 26 日在南非 Premier 礦區的工人 Frederick Wells 撿到。礦工以為是玻璃，…
fancy-cuts-guide.html,51,127,1,11,13,280,13,0,0,OK,花式車工完整指南｜橢圓、梨形、馬眼的領結效應與崩角風險,橢圓、墊形、公主方、祖母綠、梨形、馬眼、雷地恩、阿斯切、心形 9 種完整對照。為什麼花式比圓形便宜 10-25%？哪些形狀崩角風險高？2026 完整指南。,花式車工完整指南 領結效應、崩角、淨度依賴 — 7 種非圓形避雷,圓形是市場主流，但有 3 個原因讓人選花式: 視覺更大、價格更便宜、個性更獨特 。同樣 1 克拉，橢圓在手指上看起來會比…
fluorescence-deep-dive.html,51,121,1,17,14,200,11,0,0,OK,鑽石螢光反應深度解析｜Strong 螢光便宜 15% 卻可能更白,30% 鑽石有螢光反應，業界卻多數打折。GIA 1997 研究：99% 觀察者偏好螢光鑽。哪些顏色等級配 Medium 螢光最划算？避開的 3% 油膩風險。,鑽石螢光反應深度解析 為什麼 Strong 螢光便宜 15% 卻可能更白,鑽石的螢光反應是指鑽石在 紫外線(UV)照射 下會發出可見光。約 30%-35% 的天然鑽石含有微量的硼或氮原子，這些雜…
gemstones-comparison.html,53,117,1,14,9,236,15,0,0,OK,鑽石 vs 紅寶石 vs 藍寶石 vs 祖母綠｜4 大寶石訂婚戒比較,寶石硬度、價格、適用場合完整對照。藍寶石（凱特王妃同款）只要鑽石 1/3 價、紅寶石比鑽石更貴的真相、祖母綠為什麼不適合日常配戴。,鑽石 vs 紅寶石 vs 藍寶石 vs 祖母綠 4 大頂級寶石訂婚戒完整對照,市場佔有率 75%+ 的訂婚戒主石，從 1947 年 De Beers「A Diamond Is Forever」開始成…
gia-guide.html,44,114,1,3,28,304,6,0,0,OK,GIA 鑑定書怎麼看？7 個必查欄位 + 線上驗證教學,GIA 鑑定書到底要看哪幾欄才不會被騙？7 個必查欄位逐項解說、線上驗證連結、常見偽造手法 4 種辨識方法。5 分鐘成為證書達人。,如何看懂 GIA 鑑定書 5 分鐘完整解析,GIA（Gemological Institute of America，美國寶石學院）是全球最權威的鑽石鑑定機構，以「…
hearts-arrows-truth.html,43,137,1,14,16,231,7,0,0,OK,八心八箭真相｜哪些 GIA Excellent 其實不及格？,不是每顆 GIA 3EX 都是真八心八箭。Tolkowsky 1919 數學告訴你 Excellent 邊緣的鑽石漏光 25%。附 4 個關鍵比例 + 線上免費…,八心八箭真相 哪些 GIA Excellent 其實不及格,"「八心八箭(Hearts &amp; Arrows, H&amp;A)」是指鑽石在 專用觀察鏡 下，從上方看可看到八支對…"
heirloom-redesign.html,47,121,1,21,11,144,12,0,0,OK,傳家鑽石重新設計指南｜老一輩戒指如何升級成現代款,繼承奶奶的鑽戒可以重新設計，保留鑽石換新戒台。完整流程：GIA 重檢、CAD 設計、爪鑲改造、預算 NT$15-40K。家族傳承 + 現代美感的解法。,傳家鑽石重新設計指南 老一輩留下的戒指如何升級成現代款,過去 30 年來「拆舊重做」(redesign / repurpose) 從珠寶業冷門技術，變成 25-40 歲世代最熱…
hub-4cs.html,44,99,1,15,4,197,14,0,0,OK,鑽石 4Cs 完整拆解｜把每一塊錢花在最划算的等級,Color、Clarity、Cut、Carat 4 大維度深度拆解。哪一 C 不能省？哪一 C 是業務溢價陷阱？10 篇深度文章一次看完。,4Cs 拆解 · 把每一塊錢花在最划算的等級,"建議的閱讀路徑:第 1-2 篇建立基礎概念,中段 3-5 篇深入單一面向,最後 1-2 篇是綜合應用或實戰案例。每篇文章…"
hub-care.html,39,97,1,10,4,197,13,0,0,OK,鑽石保養與市場｜戴 30 年還像新的完整教學,鑽石保養、攝影、保險、回收、保值、市場趨勢、培育鑽、道德採購 10 篇深度文章。婚後 30 年的鑽石生活完整指南。,保養與市場 · 戴 30 年還像新的,"建議的閱讀路徑:第 1-2 篇建立基礎概念,中段 3-5 篇深入單一面向,最後 1-2 篇是綜合應用或實戰案例。每篇文章…"
hub-fundamentals.html,41,97,1,10,4,197,15,0,0,OK,鑽石基礎篇｜第一次買鑽石必讀 12 篇精選教學,鑽石新手第一次必讀的 12 篇文章 — 4C、預算、品牌、認證、形狀、克拉、保養全收錄。從零到下單的完整教學序列。,基礎篇 · 第一次買鑽石必讀,"建議的閱讀路徑:第 1-2 篇建立基礎概念,中段 3-5 篇深入單一面向,最後 1-2 篇是綜合應用或實戰案例。每篇文章…"
hub-proposal.html,39,99,1,10,4,197,14,0,0,OK,求婚與婚戒指南｜從尺寸到求婚當天的 12 步,求婚詞、婚戒尺寸、訂婚戒、結婚戒、永恆戒、對戒材質、刻字、傳家戒重設 12 篇完整指南。從計畫到求婚當天每一步。,求婚與婚戒 · 從尺寸到求婚當天,"建議的閱讀路徑:第 1-2 篇建立基礎概念,中段 3-5 篇深入單一面向,最後 1-2 篇是綜合應用或實戰案例。每篇文章…"
hub-purchase.html,37,100,1,13,4,197,17,0,0,OK,鑽石購買實戰｜預算到下單的完整流程教學,從預算規劃、品牌比較、Dcard PTT 心得、求婚 9 步驟、分期、保險到回收的完整實戰路徑。12 篇必看，避開所有踩雷。,購買實戰 · 預算到下單的完整流程,"建議的閱讀路徑:第 1-2 篇建立基礎概念,中段 3-5 篇深入單一面向,最後 1-2 篇是綜合應用或實戰案例。每篇文章…"
inclusions-types-guide.html,46,116,1,14,11,257,9,0,0,OK,鑽石內含物 12 種完整圖解｜哪些可買、哪些一定避開,不是每個 VS2 等級都一樣。檯面下的雲狀物比邊緣晶體更傷亮度。12 種內含物完整圖解、安全與危險的位置、買前必看 GIA 內含物圖。,鑽石內含物 8 種圖解 哪些可以買、哪些一定避開,很多人買鑽石只看「VS1」或「SI1」這個等級，就以為夠了 — 其實 GIA 給同一個淨度等級的鑽石，內含物可能完全不同…
index.html,41,106,1,5,3,174,23,0,0,OK,鑽石購買指南部落格｜44+ 篇實測教學完整目錄,BrillianceLab 鑽石部落格 — 44+ 篇從 4C 到品牌的完整教學。台灣鑽戒實價、Dcard/PTT 心得、求婚攻略、線上免費試算。,鑽石購買指南,06 文章 10 支援語言 42 平均閱讀分鐘 × RSS 訂閱 找到 0 篇文章符合搜尋 全部 購買指南 數學公式 趨…
lab-vs-natural.html,44,123,1,5,21,244,10,0,0,OK,培育鑽 vs 天然鑽 2026｜便宜 70% 的代價是什麼？,培育鑽（Lab-grown）化學上 100% 是鑽石，價格只有天然鑽 30%。為什麼？光學差別、保值真相、台灣品牌、5 年後價格走勢、適合誰買的完整比較。,天然鑽石 vs 實驗室培育鑽石 2026 全面比較,"是的，完全一樣。實驗室鑽石和天然鑽石都是 100% 純碳的結晶 ，化學成分相同（C,sp³ 鍵結），折射率相同(2.42…"
lgbtq-rings.html,44,107,1,7,12,217,14,0,0,OK,同志婚戒完整指南｜LGBTQ+ 訂婚戒選擇與求婚實戰,台灣 2019 同婚合法後，LGBTQ+ 婚戒選購完全主流化。配對戒、不對稱戒、彩虹戒、彩色寶石 4 種風格 + 台灣友善品牌名單。,同志婚戒完整指南 兩個人 × 五種搭配 × 你們的故事,異性戀訂婚戒的標準模板是 1947 年 De Beers 廣告塑造的：男方花 3 個月薪水、單膝下跪、送一枚大鑽戒給女方…
master-guide.html,45,132,1,7,29,488,38,0,0,OK,鑽石購買完整教學 2026｜從零到下單，1 篇看懂全部,台灣鑽石市場最完整的 1 篇 — 4C、品牌、預算、GIA、求婚、保養全收錄。附 BPD 試算、Dcard/PTT 心得整理、台灣 14 大品牌實價對照。看完不…,鑽石購買總整理教學 從零開始的完整指南,本文用數學公式驗證 ，告訴你「肉眼分不出 D 跟 G、邊緣 Excellent 比真八心八箭差 25%、品牌溢價最多達 …
mens-engagement-rings.html,45,107,1,7,18,216,9,0,0,OK,男士求婚戒完整指南｜5 種風格、預算配方、配戴建議,男戒已佔市場 25%。素環、包鑲、黑鑽、鹽胡椒鑽、印戒 5 種主流。鉑金 vs 鈦金 vs 鎢金 vs 鈦鎢比較、活躍工作者選戒指南。,男士求婚戒指 完整指南,傳統觀念認為戒指是女性的事，但 2024-2026 全球趨勢早已不同 — The Knot 統計: 美國新郎 47% 配…
moissanite-vs-cz-vs-lab.html,47,112,1,18,13,96,15,0,0,OK,真假鑽辨識完整指南｜莫桑石、CZ、培育鑽、天然鑽 4 比,硬度、火光、色散、價格、辨識方法 4 種寶石完整對照表。莫桑石為什麼比鑽石更閃？CZ 為什麼 2 年就霧化？培育鑽 = 鑽石的真相。,真假鑽辨識完整指南 莫桑石、CZ、培育鑽、天然鑽 4 種對照,市面上會被當作「鑽石」販售或冒充的礦物有 4 種。先用一個表格看清楚：。 用 BrillianceLab 計算器先算分 …
prong-settings-guide.html,45,102,1,7,11,192,12,0,0,OK,鑽戒爪鑲完整指南｜6 爪、4 爪、包邊、暈鑲 7 種比較,4 爪比 6 爪好看？包邊比較安全？爪型怎麼選最不易脫落？7 種戒台優缺點、適合的鑽石形狀、年度保養必做的 1 件事。,鑽戒爪鑲完整指南 7 種戒台 × 視覺 × 保護度 × 價格,很多人花了大半預算挑鑽石，戒台卻隨便選 — 結果一顆 1 克拉 D 色 VS1 真八心八箭，鑲在錯戒台上看起來像 0.7…
proposal-speech.html,40,110,1,14,18,100,6,0,0,OK,求婚詞範本 50 句｜5 種風格 × 真情實感寫法,60-90 秒的求婚詞分 3 段：為什麼是她、為什麼是現在、提問。50 句範本 + 5 種風格 + 3 個常見地雷 + 緊張時的 10 秒備案。,求婚詞範本 50 句 5 種風格 × 真情實感寫法,在說「妳願意嫁給我嗎？」 之前 ，先講三句 具體到只有你才會講 的理由。例如： 用 BrillianceLab 計算器先…
proposal-vs-wedding-vs-eternity.html,53,112,1,16,13,228,6,0,0,OK,求婚戒 vs 結婚戒 vs 對戒 vs 永恆戒 — 4 種戒指完整差別,求婚戒指、結婚戒指、結婚對戒、永恆戒哪個是哪個?日韓「一戒制」與歐美「兩戒制」差在哪?用途、戒台、預算、戴法 4 維度完整對照。,求婚戒 vs 結婚戒 vs 結婚對戒 vs 永恆戒 — 4 種戒指完整差別,"「結婚一定要準備幾枚戒指?」是台灣婚戒新手最常問的問題。答案不是 1、不是 2,而是「看你想走日韓 / 歐美 / 中港哪…"
ring-insurance.html,48,112,1,15,11,264,6,0,0,OK,婚戒保險與失竊處理｜4 種保險方案 + 24小時行動清單,NT$30 萬婚戒年保費僅 NT$3-6K。家產保險附加 vs 獨立珠寶保險差在哪？掉入水溝、車裡被偷、手指縮水滑落 3 種理賠真實案例。,婚戒保險與失竊處理 4 種方案 × 失竊 24 小時行動清單,「我會小心戴著」 — 這句話 95% 的人都說過，但根據美國 Jewelers Mutual 統計， 每 4 個婚戒中就…
ring-sizing.html,46,109,1,14,13,104,9,0,0,OK,戒指尺寸完整指南｜7 種無痕量法 + 台美日歐換算表,台灣婚戒尺寸用港圍 1-30。新娘平均港圍 10-13。3 種家用量法、戴一天的尺寸變化、求婚驚喜該選哪號、寬戒要 +0.5 的原因。,戒指尺寸完整指南 7 種無痕量法 × 4 國換算表,拿一枚她常戴的戒指（同一根手指），用紙印一圈，標記內徑。再帶去珠寶店比對。最準 用 BrillianceLab 計算器先…
round-cut-deep-dive.html,44,106,1,13,12,416,10,0,0,OK,圓形明亮車工深度解析｜為什麼 75% 鑽石都選這個,58 個刻面、Tolkowsky 1919 黃金比例、AGS Ideal 規範詳解。為什麼圓形是鑽石的最大宗？4 個必查比例 + 線上免費試算。,圓形明亮車工 深度解析：為什麼它是 75% 鑽石的選擇,1919 年，俄裔比利時數學家 Marcel Tolkowsky 在倫敦大學發表博士論文《Diamond Design》…
secondhand-rings.html,39,116,1,14,11,305,8,0,0,OK,二手婚戒購買指南｜省 50% 但別踩這 7 個雷,二手鑽戒只要新品 40-60% — 同顆鑽、同證書、不同故事。5 步驟驗證 SOP、台灣 4 大購買通路實價、傳統忌諱與化解、文化敏感點解說。,二手婚戒購買指南 省 50% 但別踩這 7 個雷,新鑽戒一出店門，「品牌溢價」與「行銷成本」（約佔售價 40%-60%）立刻歸零，加上社會對「二手」的心理排斥，造成二手鑽…
sustainable-diamonds.html,49,118,1,11,13,309,11,0,0,OK,道德鑽石完整指南｜血鑽石、Kimberley 流程、環保培育鑽,Kimberley 流程真的能阻止血鑽石嗎？培育鑽真的環保嗎？4 種道德選項對比。加拿大鑽、回收鑽、培育鑽、Fairmined 黃金 5 個必問問題。,道德鑽石完整指南 血鑽石歷史 × 培育鑽道德選擇,「血鑽石」(Conflict Diamond / Blood Diamond) 是指由武裝叛亂團體開採並販售，所得用於資…
taiwan-brands.html,49,146,1,6,18,338,7,0,0,OK,台灣鑽戒品牌推薦 2026｜亞立詩 ALUXE、I-PRIMO 一次比,台灣 14 大鑽戒品牌實價比較 — 亞立詩 ALUXE、I-PRIMO、銀座白石、Mabelle 點睛品、Just Diamond。哪家有品牌溢價？哪家 CP …,2026 台灣鑽戒品牌完整比較 — 12 家連鎖、日系、本土工坊一次看,"台灣婚戒市場競爭激烈,光連鎖品牌就超過 20 家。第一次買鑽戒最容易卡在「Cartier 真的差別這麼多嗎?」「點睛品 …"
topics.html,42,105,1,6,10,102,35,0,0,OK,鑽石主題索引｜44+ 篇文章 × 8 個主題完整地圖,所有鑽石文章的主題式索引 — 4C、品牌、價格、求婚、保養、培育鑽、道德採購、市場趨勢 8 個分類。快速找到你要的那一篇。,44+ 篇 × 8 個主題 鑽石購買知識完整地圖,從 4C 基礎到求婚執行、保養、轉售 — 整個鑽石購買流程的所有文章一頁找到。 ★ 主幹文必讀 ，其他按需求點開即可。
wedding-bands.html,54,111,1,7,12,98,7,0,0,OK,對戒挑選完整指南 2026｜訂婚戒 vs 結婚戒 vs 永恆戒怎麼分,4 種戒指完整差別 — 哪一只戴左手？哪一只可以重設？永恆戒值不值得？台灣熱門品牌對戒款式 + 預算建議 + 寬度與材質配對。,對戒挑選 完整指南,時機: 求婚當下。 戴在: 左手無名指。 主石: 單顆主鑽(0.5-1.5 ct)為核心 用 BrillianceLab…
wedding-metals.html,51,121,1,7,11,162,9,0,0,OK,婚戒材質完整比較｜白金 vs 18K 黃金 vs 玫瑰金 vs 鈀金,5 種主流婚戒金屬完整對照 — 鉑金 (Pt950) 比 18K 白金貴 30% 值不值得？玫瑰金會褪色嗎？膚色配對、日常磨耗、長期維護成本一次解答。,婚戒材質完整比較 6 種主流材質怎麼挑,問題 1:她對鎳/銅過敏嗎？ （鎳含量高的「白 K 金」是台灣婚戒過敏率最高來源） → 是 → 選鈀金、鈦戒、Pt950…
